<?xml version="1.0" encoding="utf-8"?>
<extension version="4.0" type="plugin" group="content" method="upgrade">
	<name>plg_content_contentplugdemo</name>
	<author>Jeevan</author>
	<creationDate>Dec 2024</creationDate>
	<copyright>Copyright (C) 2024 Jeevan</copyright>
	<license>PSG</license>
	<authorEmail>22dx08@psgpolytech.ac.in</authorEmail>
	<version>0.01</version>
	<description>PLG_CONTENT_CONTENTPLUGDEMO_XML_DESCRIPTION</description>
	<files>
		<filename plugin="contentplugdemo">contentplugdemo.php</filename>
		<folder>language</folder>
	</files>
	<languages folder="language">
		<language tag="en-GB">
               en-GB/en-GB.plg_content_contentplugdemo.sys.ini</language>
		<language tag="en-GB">
              en-GB/en-GB.plg_content_contentplugdemo.ini</language>
	</languages>
</extension>
